author,comment,timestamp,like_count,tipe_produk,brand,segment,release_date
@diyspacecrafts,Waiting the global market release ğŸ™ğŸ»,2024-11-15T00:28:41Z,0,Redmi Note 14 Series,Xiaomi,Mid-Range,2025
@alsanabani,"This device isn't compatible with US devices. Don't buy directly from their website, because they won't offer a return and you won't get a refund. It's a scam",2024-11-11T13:44:43Z,0,Redmi Note 14 Series,Xiaomi,Mid-Range,2025
@ymnvlogs,Waiting for this phone ğŸ˜,2024-11-10T03:59:46Z,0,Redmi Note 14 Series,Xiaomi,Mid-Range,2025
@neonbf8511,full review please of redmi 14 pro plus,2024-11-08T16:59:19Z,0,Redmi Note 14 Series,Xiaomi,Mid-Range,2025
@jamesverdida9353,Full Reviews on these latest phones of Redmi Note 14 Pro+ please sir... Thanks?,2024-11-08T05:26:22Z,0,Redmi Note 14 Series,Xiaomi,Mid-Range,2025
@jamesverdida9353,"Congratulations Xiaomi brand of bringing the Redmi Note 14 pro and pro plus, such a huge upgrade to highest level. Love their newest form factor, the latest softwares and hardwares of these latest models... â¤ğŸ˜Š",2024-11-08T05:24:04Z,0,Redmi Note 14 Series,Xiaomi,Mid-Range,2025
@RaselAlam-o5s,No ğŸ˜ğŸ‘ 3.5 audio jack,2024-11-06T02:18:05Z,0,Redmi Note 14 Series,Xiaomi,Mid-Range,2025
@HeinekenLasse,"No headphone jack, no buy",2024-10-31T10:50:27Z,0,Redmi Note 14 Series,Xiaomi,Mid-Range,2025
@Griftercash,thanks for the video,2024-10-28T22:29:22Z,0,Redmi Note 14 Series,Xiaomi,Mid-Range,2025
@RaulGurca-j4r,ğŸ˜‚ğŸ˜‚ğŸ˜‚ urite foc,2024-10-24T14:35:22Z,0,Redmi Note 14 Series,Xiaomi,Mid-Range,2025
@cutiepie5884,Does the china version have Google services and play store?,2024-10-23T08:25:49Z,0,Redmi Note 14 Series,Xiaomi,Mid-Range,2025
@cutiepie5884,can the phone language be changed if i buy it from china?,2024-10-22T17:34:22Z,0,Redmi Note 14 Series,Xiaomi,Mid-Range,2025
@kevincontreras-x8q,good  day sir do u know how to fix the google play store sign in problem.? My friend buy the redmi note 14pro+ but cannot log in,2024-10-21T13:32:48Z,0,Redmi Note 14 Series,Xiaomi,Mid-Range,2025
@dominikhimal5632,I want it but AAPE version like 13,2024-10-15T23:51:51Z,0,Redmi Note 14 Series,Xiaomi,Mid-Range,2025
@steve-lh7tp,will xiaomi release mi 14lite aka 14 civi globally? coz this phone is awesome ğŸ¥°,2024-10-15T13:41:19Z,0,Redmi Note 14 Series,Xiaomi,Mid-Range,2025
@juvykentzamora3972,Where I can buy,2024-10-14T07:21:00Z,0,Redmi Note 14 Series,Xiaomi,Mid-Range,2025
@RonRon-pk7ob,The plus version will be available globally so stop misleading people to buy from your store.,2024-10-14T02:39:37Z,0,Redmi Note 14 Series,Xiaomi,Mid-Range,2025
@smoKing4freedom,6000 mAh battery is a minor upgrade ğŸ˜…,2024-10-13T05:19:38Z,0,Redmi Note 14 Series,Xiaomi,Mid-Range,2025
@kpaxx8882,"3,5 mm jack giriÅŸi  neden yok ? bluetoot kulaklÄ±klar hem sesi kÃ¶tÃ¼ hem de fazla enerji harcÄ±yor neden kaldÄ±rÄ±yorsun ya , Apple ne  yapsa aynÄ±sÄ±nÄ± yapmak zorunda deÄŸilsin",2024-10-12T20:17:30Z,0,Redmi Note 14 Series,Xiaomi,Mid-Range,2025
@sumi227,"why do people hate curved screen? it is elegance, harder to make, feels more premium in hand, looks bezelless, easier to grip and absolutely immersive. rmn14pp got 6400mAh battery? man that is absolutely life changing",2024-10-11T03:49:01Z,0,Redmi Note 14 Series,Xiaomi,Mid-Range,2025
@demsmongalam5449,is it not so curved screen?,2024-10-10T12:04:01Z,0,Redmi Note 14 Series,Xiaomi,Mid-Range,2025
@majesty5841,"Redmi note 14 pro plus snapdragon 7s Gen 3 ğŸ¤£
Redmi note 14 pro Demensity 7300 ultra ğŸ¤£",2024-10-06T03:25:46Z,0,Redmi Note 14 Series,Xiaomi,Mid-Range,2025
@MnMPryoBanana,tbh its beautiful. too bad its processor sucks,2024-10-05T13:03:05Z,0,Redmi Note 14 Series,Xiaomi,Mid-Range,2025
@37izzu,Tbh I am a lil bit dissapointed with regular Note 14 for ditching ultra wide shooter and retaining that useless crappy-ass 2mp macro lens. At least my regular Note 10 have ultra wide lens despite being released almost 4 years ago.,2024-10-04T02:40:33Z,0,Redmi Note 14 Series,Xiaomi,Mid-Range,2025
@davidjohnston2941,"Do not see the release of a xiaomi note 15 the other day? 
Go Xiaomi.",2024-10-03T03:44:36Z,0,Redmi Note 14 Series,Xiaomi,Mid-Range,2025
@mohammadsharif6293,Some review show the pro plus have the aluminum frame is this true?,2024-10-03T00:14:18Z,0,Redmi Note 14 Series,Xiaomi,Mid-Range,2025
@muhammadfirdausabalim2038,still better than realme 13 pro+ which still using 7s gen 2 but  bump up the price lol..get this note 14 pro+ instead with 7s gen 3..at least 15 percent better performance,2024-10-02T08:47:10Z,0,Redmi Note 14 Series,Xiaomi,Mid-Range,2025
@robbstarkwinterfell,Display is good but processor is not,2024-10-01T17:04:03Z,0,Redmi Note 14 Series,Xiaomi,Mid-Range,2025
@TrevorSandi,The Pro's texture looks similar to the HuaweiP60 Pro's,2024-10-01T11:06:40Z,0,Redmi Note 14 Series,Xiaomi,Mid-Range,2025
@kindzadza134,"Hi, is it expected a in depth full review of 14 Pro+ on the website with full scale photo samples? The telephoto camera and the big battery look promising, especially for the price.",2024-10-01T07:39:19Z,0,Redmi Note 14 Series,Xiaomi,Mid-Range,2025
@whitelotus5538,So how is this phone better than the 13 pro+?,2024-10-01T00:05:14Z,0,Redmi Note 14 Series,Xiaomi,Mid-Range,2025
@devanshusingh1928,ğŸ‘,2024-09-30T00:12:37Z,0,Redmi Note 14 Series,Xiaomi,Mid-Range,2025
@fasol1998,They have dumped the audio jack. The Redmi Note phones used to be the only ones with relatively decent hardware and the jack. Now they've lost it. Bluetooth headphones go to hell together with jackless phones.,2024-09-29T22:48:40Z,0,Redmi Note 14 Series,Xiaomi,Mid-Range,2025
@GabiRuta,This Pro Plus Redmi is absolutely gorgeous. I will by one someday if it will came to Europe.,2024-09-29T17:42:05Z,0,Redmi Note 14 Series,Xiaomi,Mid-Range,2025
@SattarM-ju3dv,I impressed with that pro + fit for me... Personally I don't like anything more than huge batter and durability and after that RAM & CPU... of course price is main point if this phone update 3 years os... Thanks for remind me,2024-09-29T15:41:05Z,0,Redmi Note 14 Series,Xiaomi,Mid-Range,2025
@krishnasingh-jn6zz,Brother are u sure they are going to changed camera replacing both 50 mp to 200 mp bcoz I visit ur website I don't think so ğŸ¥ºğŸ¤¦â€â™‚ï¸,2024-09-29T14:22:39Z,0,Redmi Note 14 Series,Xiaomi,Mid-Range,2025
@revanthkrishna5791,"IQOO, VIVO and One plus lauching phones with same specs but with a last year flagship or 7+ chip way better than this mid range chip. I am nevr buying a note again. It's no longer a value for money phone.",2024-09-29T12:46:28Z,0,Redmi Note 14 Series,Xiaomi,Mid-Range,2025
@riodji,"What about EOL date ?
It Come with 4 years (same as redmi13 series) or 5 years support (more like  the  Xiaomi 14 series) ?",2024-09-29T12:06:01Z,0,Redmi Note 14 Series,Xiaomi,Mid-Range,2025
@sivaraman7235,It blaster inbuilt???,2024-09-29T11:51:10Z,0,Redmi Note 14 Series,Xiaomi,Mid-Range,2025
@marcB917,I cant believe he didnt mention anything about the 3.5 mm jack,2024-09-29T11:26:24Z,0,Redmi Note 14 Series,Xiaomi,Mid-Range,2025
@bruce3906,"sheeps follow sheeps and just go ""i hate curve screen"" but when you actually have it in your hands and its on the table with other's phone, those curve screen look very futuristic. anyway i'm glad more curved screens are back for the kids that has never seen an s7 edge.",2024-09-29T09:06:27Z,15,Redmi Note 14 Series,Xiaomi,Mid-Range,2025
@pokehunter7078,Can you install Gapps on it?,2024-09-29T01:47:57Z,0,Redmi Note 14 Series,Xiaomi,Mid-Range,2025
@sleepy9817,"Don't launch it global, the design too bad , people go for moto",2024-09-29T01:41:46Z,1,Redmi Note 14 Series,Xiaomi,Mid-Range,2025
@riskyrahman534,67 wattğŸ˜¢ğŸ˜¢ğŸ˜¢ğŸ˜¢,2024-09-29T01:26:04Z,0,Redmi Note 14 Series,Xiaomi,Mid-Range,2025
@leobeats47,Why is Redmi becoming stupid ?,2024-09-28T23:59:32Z,0,Redmi Note 14 Series,Xiaomi,Mid-Range,2025
@777kiya,"Curved screens are like supermodelsâ€”gorgeous and high-maintenance! I treat my phone like royalty, dodging drops and crumbs like a ninja. ğŸ”ğŸ“± Long live my curved screen!",2024-09-28T22:42:00Z,6,Redmi Note 14 Series,Xiaomi,Mid-Range,2025
@Kiss_MyAss,"The curved edge is the 2nd stupidest and useless feature! Go for FLAT DISPLAY and REDUCE the PRICE to benefit consumers! What's the all-time STUPIDEST DESIGN? APPLE'S NOTCH! ğŸ˜– The notch is not only silly and stupid, it is actually a flaw in design, practically and functionally! Who would want to pay more for a stated large screen, only to get one with an obtrusive notch obstructing the image, worse, documents?! Delusional Apple worshippers, I presume!ğŸ˜‚ I bet most users would just hide the notch within a black bar for daily usage, meaning they are viewing a smaller screen than they paid for! Apple hasnâ€™t got out of their notch delusion with their iPhone 16! It reconfirms Apple's defeat in the handphone innovation competition since they adamantly stuck to tiny screens when Chinese handphone makers were producing handphones with big screens yet practical and comfortable to hold and use!",2024-09-28T21:48:30Z,0,Redmi Note 14 Series,Xiaomi,Mid-Range,2025
@sergioberlusconi4840,"13 pro plus has 120w, how is that, a downgrade?",2024-09-28T20:35:28Z,0,Redmi Note 14 Series,Xiaomi,Mid-Range,2025
@tfkdandsvkc,They need Tecno team for the design process,2024-09-28T19:14:58Z,1,Redmi Note 14 Series,Xiaomi,Mid-Range,2025
@shinchan-F-urmom,Lots of Chamchung bots in comments ğŸ˜‚,2024-09-28T17:50:28Z,1,Redmi Note 14 Series,Xiaomi,Mid-Range,2025
@patrickjane880,How many os updates ?,2024-09-28T17:12:30Z,0,Redmi Note 14 Series,Xiaomi,Mid-Range,2025
@usmanabdulkadir3334,Awesome unboxing and hands on video keep it up as always bro,2024-09-28T14:35:18Z,0,Redmi Note 14 Series,Xiaomi,Mid-Range,2025
@ut9006,I don't like the waterfall screen and design! I liked it better redmi13 pro,2024-09-28T13:04:48Z,0,Redmi Note 14 Series,Xiaomi,Mid-Range,2025
@MdAbdullaAlMamun-op7tl,Redmi not 14 pro plus How many times can you zoom?,2024-09-28T12:02:56Z,0,Redmi Note 14 Series,Xiaomi,Mid-Range,2025
@SamsungA-vc7jl,I prefer nokia 1202,2024-09-28T12:01:55Z,0,Redmi Note 14 Series,Xiaomi,Mid-Range,2025
@babekasadli,ABSOLUTELY DOESNT WORTH ITS PRICE!,2024-09-28T09:18:45Z,0,Redmi Note 14 Series,Xiaomi,Mid-Range,2025
@CodenameD-v9n,Wow they removed headphone jack. Life really sucks,2024-09-28T08:20:57Z,0,Redmi Note 14 Series,Xiaomi,Mid-Range,2025
@leonardolingga,i like this design better than 14t dan 14t pro,2024-09-28T07:53:48Z,0,Redmi Note 14 Series,Xiaomi,Mid-Range,2025
@krisjudemacapundag4191,"Holding flat phones and curved displays, hands down curved ones are classy and way ahead aesthetically.

Its like comparing flat boobs vs round ones.",2024-09-28T07:39:26Z,0,Redmi Note 14 Series,Xiaomi,Mid-Range,2025
@syarulramzie,Camera design is really ugly ğŸ˜¢,2024-09-28T06:53:29Z,0,Redmi Note 14 Series,Xiaomi,Mid-Range,2025
@ohahmad8443,disgusting camera bump,2024-09-28T06:12:05Z,0,Redmi Note 14 Series,Xiaomi,Mid-Range,2025
@sunilnathani3924,"i don't think Indian people are now much curious about Xiaomi 's ""Note series"".
-as many companies are  launching new smartphones every month.
-This year i.e 2024, all smartphones will be on ""Android 14"" only.",2024-09-28T05:01:55Z,4,Redmi Note 14 Series,Xiaomi,Mid-Range,2025
@manzoorahmad9296,Help me as much as possible,2024-09-28T04:48:34Z,0,Redmi Note 14 Series,Xiaomi,Mid-Range,2025
@manzoorahmad9296,I really need money pakistani 3 million,2024-09-28T04:47:45Z,0,Redmi Note 14 Series,Xiaomi,Mid-Range,2025
@manzoorahmad9296,I am from pakistan sitting at home unemployed can you help me,2024-09-28T04:46:45Z,0,Redmi Note 14 Series,Xiaomi,Mid-Range,2025
@manzoorahmad9296,Can you help me,2024-09-28T04:45:53Z,0,Redmi Note 14 Series,Xiaomi,Mid-Range,2025
@enanenan8170,Which is better??,2024-09-28T04:44:03Z,0,Redmi Note 14 Series,Xiaomi,Mid-Range,2025
@naveenbhambore,And the price range in India for this shit is 30k+ for bulshit OS and it's optimization ğŸ˜…ğŸ˜‚ and no physical proximity sensor.,2024-09-28T03:49:54Z,0,Redmi Note 14 Series,Xiaomi,Mid-Range,2025
@amirnaim3675,"If the pro lost the jack, Redmi Turbo 3 seems like a better buy. It has better processor, almost similar camera hardware, faster charging and costs about the same since the price has slightly gone down",2024-09-28T03:34:51Z,0,Redmi Note 14 Series,Xiaomi,Mid-Range,2025
@mythsjb,"Curve screen is fine, idk the camera module is not good.",2024-09-28T03:27:10Z,0,Redmi Note 14 Series,Xiaomi,Mid-Range,2025
@BackToWar100,no android 15 no. it is not worth it. 4 years of updates? :))) you mean 3.,2024-09-28T03:15:39Z,0,Redmi Note 14 Series,Xiaomi,Mid-Range,2025
@tecemdia9759,ğŸ‰ğŸ‰ğŸ‰ğŸ‰ğŸ‰,2024-09-28T03:13:07Z,0,Redmi Note 14 Series,Xiaomi,Mid-Range,2025
@DollyMolefe,I pray for wealth,2024-09-28T03:05:09Z,0,Redmi Note 14 Series,Xiaomi,Mid-Range,2025
@JR-sb6mj,"We don't have proper macro capabilities in none of them, don't we?",2024-09-28T02:42:27Z,0,Redmi Note 14 Series,Xiaomi,Mid-Range,2025
@solas1183,"The note 14 pro is a disappointment. Massive downgrade from a 1/1.4"" sensor to a 1/1.96"" one. The note 14 pro+ is good. Nice they added a decent  telephoto. The LPDDR4x ram and ufs 2.2 storage on some variants is a bit of a cut back though. Last year's note 13 pro+ has ufs 3.1 and LPDDR5 on all variants",2024-09-28T02:01:59Z,5,Redmi Note 14 Series,Xiaomi,Mid-Range,2025
@mrxxavier9081,Better than realme 13 pro+..but still realme 13 pro+ have their own advantages..their only let down is that 7s gen 3,2024-09-28T01:56:06Z,0,Redmi Note 14 Series,Xiaomi,Mid-Range,2025
@googlekullancs564,trash,2024-09-28T01:14:53Z,0,Redmi Note 14 Series,Xiaomi,Mid-Range,2025
@MichaelTerry-y6r,Is the 50MP camera better than note 13's 108MP or 13pro 200 MP camera ?ğŸ¤”,2024-09-28T00:59:36Z,0,Redmi Note 14 Series,Xiaomi,Mid-Range,2025
@HATECHANNEL381,Realme GT3 pro will do,2024-09-27T23:48:25Z,0,Redmi Note 14 Series,Xiaomi,Mid-Range,2025
@Simkets,"I've decided to buy 14T instead of the Redmi Note 14 Pro Plus simply because I really dislike the design ğŸ˜¢ And the price difference between the phones isn't actually as big as I thought.

Comparing the 13 Pro Plus, it's going for 450$ after tax in my country. And the launch sale price of 14T is just 500$ after tax. So, I just bought that one instead of waiting for the, for me, ugly Redmi Note 14 release outside China ğŸ˜¢

I'm kinda sad bcs I always had Redmi phones... but, I guess I have ""true"" Xiaomi phone now? ğŸ˜…",2024-09-27T23:11:32Z,3,Redmi Note 14 Series,Xiaomi,Mid-Range,2025
@yasubetealmalditorobotsshi1053,Los 2 son compatibles con dolby vision??,2024-09-27T22:50:47Z,1,Redmi Note 14 Series,Xiaomi,Mid-Range,2025
@jayceermino3429,In terms of camera which is better redmi note 13pro+ or redmi 14pro+? 200mp vs 50mp,2024-09-27T22:50:09Z,0,Redmi Note 14 Series,Xiaomi,Mid-Range,2025
@victorjohn6275,@gizmochina how can i get the POCO F6. I can not find it on geekwills,2024-09-27T21:59:54Z,0,Redmi Note 14 Series,Xiaomi,Mid-Range,2025
@SouravBoss08-xo1ix,No headphone jack on a mid range really?,2024-09-27T21:04:26Z,0,Redmi Note 14 Series,Xiaomi,Mid-Range,2025
@RobAndrews18,I use redni note 12 pro+. I have my eyes on this new one,2024-09-27T20:47:37Z,0,Redmi Note 14 Series,Xiaomi,Mid-Range,2025
@RobAndrews18,I use redni note 12 pro+. I have my eyes on this new one,2024-09-27T20:47:21Z,0,Redmi Note 14 Series,Xiaomi,Mid-Range,2025
@ForeverVirat18,"Redmi Note 14 pro +, very good upgrade. Loved it.",2024-09-27T20:34:39Z,0,Redmi Note 14 Series,Xiaomi,Mid-Range,2025
@MrKrueger88,"Curved screens ğŸ˜­ğŸ˜­ğŸ˜­ğŸ¤¬ğŸ¤¬ğŸ¤¬ no thanks ... They scratch , break , glare and strength easy to protect .",2024-09-27T20:21:00Z,4,Redmi Note 14 Series,Xiaomi,Mid-Range,2025
@scifiordie,Killer specs at 260 euro hopefully its not much more expensive in the EU,2024-09-27T19:27:39Z,0,Redmi Note 14 Series,Xiaomi,Mid-Range,2025
@bhargavtalukdar1684,brother its not shippable to India in the website,2024-09-27T19:22:40Z,0,Redmi Note 14 Series,Xiaomi,Mid-Range,2025
@mdnoorhoshenalmard9303,ğŸ‘,2024-09-27T18:56:15Z,0,Redmi Note 14 Series,Xiaomi,Mid-Range,2025
@wilczan1,jack 3.5 mm???,2024-09-27T18:41:07Z,1,Redmi Note 14 Series,Xiaomi,Mid-Range,2025
@willianmisas4056,Usted no sabe hablar,2024-09-27T18:30:10Z,0,Redmi Note 14 Series,Xiaomi,Mid-Range,2025
@PRAVEENSHARMA-jy2yw,Love from India â¤,2024-09-27T18:23:09Z,1,Redmi Note 14 Series,Xiaomi,Mid-Range,2025
@Bakynsailmawnai,"I use to be a fan of Redmi Note but now I'm not anymore. That design looks so stupid and ugly also looks like Xiaomi try to copy Realme I'm not a fan of Realme. I hate Redmi Note now, i love my phone Redmi Note 10 Pro",2024-09-27T18:21:31Z,7,Redmi Note 14 Series,Xiaomi,Mid-Range,2025
@KS-xb1xr,Do these have audio Jack ????,2024-09-27T18:11:27Z,5,Redmi Note 14 Series,Xiaomi,Mid-Range,2025
@aakkii2123,"3.5 mm jack removed.

Rejected",2024-09-27T17:48:20Z,2,Redmi Note 14 Series,Xiaomi,Mid-Range,2025
@mropiece,Why do they still use 8MP resolution for their ultrawide?,2024-09-27T17:44:44Z,3,Redmi Note 14 Series,Xiaomi,Mid-Range,2025
@notforyou1083,are they going to be global,2024-09-27T17:32:38Z,0,Redmi Note 14 Series,Xiaomi,Mid-Range,2025
@ArthurZakaryan23,"Too bad the Chinese version Pro+ won't work too well here in the US cause for $349, it's actually a really good phone.",2024-09-27T16:50:00Z,0,Redmi Note 14 Series,Xiaomi,Mid-Range,2025
@fonezone8701,Looks ugly,2024-09-27T16:44:17Z,0,Redmi Note 14 Series,Xiaomi,Mid-Range,2025
@Bemoon11,I can't to have this phone â¤â¤â¤ pro or pro+ love â¤ India.,2024-09-27T16:41:02Z,0,Redmi Note 14 Series,Xiaomi,Mid-Range,2025
@gamingshift7876,Pro plus the frame metal or plastic,2024-09-27T15:54:11Z,0,Redmi Note 14 Series,Xiaomi,Mid-Range,2025
@amirnaim3675,Does the pro version still have the audio jack?,2024-09-27T15:53:08Z,4,Redmi Note 14 Series,Xiaomi,Mid-Range,2025
@Sabir-nr2xw,Make a video on Iqoo z9 turbo + it's a killer of killers .Dimensity 9300 for 350 dollars . Oh boy ğŸ˜³ğŸ˜³ Redmi note 14 pro plus is already deadğŸ˜‚ğŸ˜‚,2024-09-27T15:43:01Z,2,Redmi Note 14 Series,Xiaomi,Mid-Range,2025
@nickychronichols380,I cannot order from Kenya ğŸ˜¢ğŸ’”,2024-09-27T15:39:51Z,1,Redmi Note 14 Series,Xiaomi,Mid-Range,2025
@Ï‡ÏƒÏ‡Ïƒ-Î½3Ï‡,Trash,2024-09-27T15:36:06Z,3,Redmi Note 14 Series,Xiaomi,Mid-Range,2025
@Stes200,Can I buy it from Greece,2024-09-27T15:34:09Z,0,Redmi Note 14 Series,Xiaomi,Mid-Range,2025
@Minhaj443,Redmi phone has many bug and many problem. We need solve this.After update we faced many problem like camera issue sometimes phone suddenly switch off.And many problem. Please solve this problemğŸ‰.Love From Bangladesh â¤,2024-09-27T15:07:33Z,11,Redmi Note 14 Series,Xiaomi,Mid-Range,2025
@Bebo1265,Which is better Xiaomi 14T or Note 14 pro plus,2024-09-27T15:06:19Z,0,Redmi Note 14 Series,Xiaomi,Mid-Range,2025
@arefinsami7820,"What are the problems of a Chinese rom device if I'm a user from Bangladesh?
What difficulty I would face?",2024-09-27T15:01:16Z,0,Redmi Note 14 Series,Xiaomi,Mid-Range,2025
@jaybeeamlon2638,Is it global version on geekwills?,2024-09-27T14:58:46Z,0,Redmi Note 14 Series,Xiaomi,Mid-Range,2025
@BabyBoyy2023,Does the note pro plus have a real always on display this time?,2024-09-27T14:54:35Z,1,Redmi Note 14 Series,Xiaomi,Mid-Range,2025
@BN-bs1kj,Damn the curved screen,2024-09-27T14:50:44Z,0,Redmi Note 14 Series,Xiaomi,Mid-Range,2025
@WildlifeinHindi,What happens to mi   where are there unique designs  what is this  xiaomi dear,2024-09-27T14:42:19Z,3,Redmi Note 14 Series,Xiaomi,Mid-Range,2025
@MrAdhiSuryana,Yess.... evenly distributed bezel yay ğŸ¥¹ğŸ¥¹,2024-09-27T14:40:23Z,0,Redmi Note 14 Series,Xiaomi,Mid-Range,2025
@danielteye1015,Downgrade charger,2024-09-27T14:07:09Z,0,Redmi Note 14 Series,Xiaomi,Mid-Range,2025
@sanjivchaudhary-c5d,curved display ğŸ¤®ğŸ¤®,2024-09-27T13:55:19Z,0,Redmi Note 14 Series,Xiaomi,Mid-Range,2025
@warmachine676,Watching on Note 8 proğŸ¥±,2024-09-27T13:36:54Z,0,Redmi Note 14 Series,Xiaomi,Mid-Range,2025
@Othmane.FETTAKA,Frame are metal or plastic?,2024-09-27T13:21:06Z,0,Redmi Note 14 Series,Xiaomi,Mid-Range,2025
@ValtCOD,I prefer my Poco f6 ğŸ˜Š 0:54,2024-09-27T13:19:16Z,2,Redmi Note 14 Series,Xiaomi,Mid-Range,2025
@searklarak,Would you recommend this over the Iqoo Z9 Turbo+ that was also released at the same time?,2024-09-27T13:13:25Z,0,Redmi Note 14 Series,Xiaomi,Mid-Range,2025
@saqlain0911,"REDMI is losing it's USP ğŸ˜¢

Redmi series is now not doing stand out changes like what it was doing at the time of note 5 to note 9

also not coming at agressive prices like before 

now, it's own subbrand-Poco, iqoo moto, vivo T series are offering more at same price 

even a Xiaomi fan also won't like this changes ğŸ˜‚ like me",2024-09-27T12:56:16Z,25,Redmi Note 14 Series,Xiaomi,Mid-Range,2025
@vinhbuiquang8222,"the border made by plastic or metal?
Thanks",2024-09-27T12:46:42Z,1,Redmi Note 14 Series,Xiaomi,Mid-Range,2025
@shadow.....66,The design of these two phones is so ugly ğŸ˜‘ğŸ˜‘ğŸ¤¦â€â™‚ğŸ¤¦â€â™‚ğŸ‘ğŸ‘,2024-09-27T12:44:58Z,43,Redmi Note 14 Series,Xiaomi,Mid-Range,2025
@qarumdooz7067,Ø§Ù„Ù…ÙˆÙ‚Ø¹ Ø§Ù„Ø¨ÙŠØ¹ Ø§Ù„Ø°ÙŠ Ù‡Ù„ Ø§Ù„Ø´Ø±Ø§Ø¡ Ù…Ù†Ù‡. Ø§Ù…Ù† Ù‡Ù„ ÙŠØµÙ„Ùƒ Ø§Ù„Ù‡Ø§ØªÙ Ø§Ù„Ù‰ Ø§ÙŠ Ù…ÙƒØ§Ù† Ù‡Ù„ Ø§Ù„Ù‡Ø§ØªÙ ÙŠØ¯Ø¹Ù… Ø®Ø¯Ù…Ø§Øª Ù‚ÙˆÙ‚Ù„ Ù‡Ù„ Ù„Ø¯ÙŠ Ø¶Ù…Ø§Ù†Ø§ØªØ©Ø¹Ù†Ø¯ Ø§Ù„Ø´Ø±Ø§Ø¡,2024-09-27T12:26:24Z,0,Redmi Note 14 Series,Xiaomi,Mid-Range,2025
@Imyawarr,Edge screen yukkkk,2024-09-27T12:24:44Z,1,Redmi Note 14 Series,Xiaomi,Mid-Range,2025
@daviddavidoff2515,Honor want his Design back ğŸ˜‚ğŸ˜‚,2024-09-27T12:22:00Z,0,Redmi Note 14 Series,Xiaomi,Mid-Range,2025
@wisaleih28,when will be globally released?,2024-09-27T12:07:12Z,1,Redmi Note 14 Series,Xiaomi,Mid-Range,2025
@Leo7279,Camera review please ğŸ™,2024-09-27T11:49:17Z,1,Redmi Note 14 Series,Xiaomi,Mid-Range,2025
@muhasri1985,Nice Review ğŸ˜ğŸ‘,2024-09-27T11:43:58Z,0,Redmi Note 14 Series,Xiaomi,Mid-Range,2025
@MarufAMV,From Bangladesh ğŸ‡§ğŸ‡©,2024-09-27T11:20:00Z,2,Redmi Note 14 Series,Xiaomi,Mid-Range,2025
@mole1596,Do they ship to Germany?,2024-09-27T11:19:46Z,0,Redmi Note 14 Series,Xiaomi,Mid-Range,2025
@notchipotle,looks like iqoo,2024-09-27T11:18:42Z,0,Redmi Note 14 Series,Xiaomi,Mid-Range,2025
@Baqkton,"It's either I take garnet or amethyst

Snapdragon=custom roms and I love themğŸ˜",2024-09-27T11:18:31Z,0,Redmi Note 14 Series,Xiaomi,Mid-Range,2025
@ferryphilipsen,Can we expect it in Europe?,2024-09-27T11:13:14Z,0,Redmi Note 14 Series,Xiaomi,Mid-Range,2025
@SagarKothurwar,Hii Could u pls tell if Redmi Note 14 plus can play YouTube Videos lag free in 4k...,2024-09-27T11:09:20Z,2,Redmi Note 14 Series,Xiaomi,Mid-Range,2025
@gibonzproject9710,no adaptive refresh rate means trash battery so doesn't matter if it's 10000 mAh,2024-09-27T11:07:13Z,0,Redmi Note 14 Series,Xiaomi,Mid-Range,2025
@SUMEET23,Option not available for india ğŸ˜¢,2024-09-27T10:32:49Z,0,Redmi Note 14 Series,Xiaomi,Mid-Range,2025
@leeminh2401,how did you not mention the new battery tech in the Pro+ ? it use a Silicon Carbon battery like the one on some recent Huawei phone,2024-09-27T10:28:57Z,0,Redmi Note 14 Series,Xiaomi,Mid-Range,2025
@YouTube-MyNote,"Telephoto 2.5x
Portrait test",2024-09-27T10:13:20Z,0,Redmi Note 14 Series,Xiaomi,Mid-Range,2025
@HtetMinKhant-f5v,full review pls,2024-09-27T10:00:03Z,0,Redmi Note 14 Series,Xiaomi,Mid-Range,2025
@carlsconnery4425,I'm waiting for Redmi Note 15 Series.. ğŸ˜…,2024-09-27T09:55:52Z,15,Redmi Note 14 Series,Xiaomi,Mid-Range,2025
@Coltan999,Wann werden die Telefone in Europa vorgestellt?,2024-09-27T09:38:39Z,0,Redmi Note 14 Series,Xiaomi,Mid-Range,2025
@TatiaTsintsadze,greenish?,2024-09-27T09:02:12Z,0,Redmi Note 14 Series,Xiaomi,Mid-Range,2025
@mouhmed767,"0:21 If you want a phone that lasts, it's crucial to have a good processor. Sadly, this phone doesn't quite meet that requirement.",2024-09-27T08:56:42Z,20,Redmi Note 14 Series,Xiaomi,Mid-Range,2025
@burgerking5453,What of the note 14,2024-09-27T08:51:52Z,0,Redmi Note 14 Series,Xiaomi,Mid-Range,2025
@lancergt1000,But how foes this compare to the Xiaomi 14T series,2024-09-27T08:44:32Z,0,Redmi Note 14 Series,Xiaomi,Mid-Range,2025
@eNLiL547,Ah yes. The never ending cycle of curved displays. BS.,2024-09-27T08:44:12Z,1,Redmi Note 14 Series,Xiaomi,Mid-Range,2025
@venukrithish007,What a disappointment. I remember the days since note 3 that this series was the one to get for budget buyers. Since note 11 it has been a huge disappointment,2024-09-27T08:35:10Z,0,Redmi Note 14 Series,Xiaomi,Mid-Range,2025
@SlimQuan_zw,I love the curved screen yes we exist,2024-09-27T08:30:32Z,146,Redmi Note 14 Series,Xiaomi,Mid-Range,2025
@SpongeBob_circle_pants,"I think it should have flat display and 7 gen 3 instead of 7s gen 3 that would be far better value for money, and it wouldn't cost Xiaomi that much as flat panels are cheaper to manufacture so the money saved can be used for 7 gen 3 buying.",2024-09-27T08:29:42Z,1,Redmi Note 14 Series,Xiaomi,Mid-Range,2025
@joeylorenzo1778,"The 5 think I don't likeğŸ‘! 
1,less big display
2.Tiny screen 
3.small screen
4,bored screen
5.i hate this screen still 6,67ğŸ‘",2024-09-27T08:25:36Z,3,Redmi Note 14 Series,Xiaomi,Mid-Range,2025
@mokisan,If I am not wrong the note pro plus has ip69 and not ip68+,2024-09-27T08:22:46Z,31,Redmi Note 14 Series,Xiaomi,Mid-Range,2025
@nyantunaung30,Note 14 pro is a massive downgrade from note 13 pro,2024-09-27T08:19:43Z,12,Redmi Note 14 Series,Xiaomi,Mid-Range,2025
@vkAwesomee,didn't like the curved screen,2024-09-27T08:15:25Z,4,Redmi Note 14 Series,Xiaomi,Mid-Range,2025
@noumeg7782,I definitely prefer my note 13 pro 5g,2024-09-27T08:15:14Z,28,Redmi Note 14 Series,Xiaomi,Mid-Range,2025
